cell_id	cluster
E8.5-10_i22-GAAATACGGCCGGATT	5
E8.5-11_i9-AGGACACATGGTTTCT	9
E8.5-11_i9-CAAGGAATTCCGTCCA	9
E8.5-11_i9-CTAGACTAGGATAAAG	9
E8.5-11_i9-GGCCCAATGTGGAGCT	9
E8.5-11_i9-TCGTGGGTTGCCTCAC	9
E8.5-11_i9-AAACGATCTTAAACTG	5
E8.5-11_i9-AAGTCCAAGGCCTAAG	5
E8.5-11_i9-ACAATCTTACATCTAT	5
E8.5-11_i9-ATGCGGAGGGGAACCT	5
E8.5-11_i9-CTCTATAGATGTTGGC	5
E8.5-11_i9-CTGTTAAATGCAAGGG	5
E8.5-11_i9-TGCTTGGGAAGATTGT	5
E8.5-12_i23-CCGAGATCAAAGTCGG	5
E8.5-13_i34-ATCTTGGCGTTTACGT	9
E8.5-13_i34-CATGCTGCCGCTAGTC	9
E8.5-13_i34-GGTCTTTCACACTAAG	5
E8.5-13_i34-AAAGCCCGTGCTCCGT	5
E8.5-13_i34-AACGGTAGTTGTTTAC	5
E8.5-13_i34-AAGTTGTCCCTACTAG	5
E8.5-13_i34-AGTGCTTCTACTTGTG	5
E8.5-13_i34-ATCAATCGAAGCGTAC	5
E8.5-13_i34-ATCAGGGAAACCCTTG	5
E8.5-13_i34-CAACGCAGCATACATT	5
E8.5-13_i34-CACAAGTACAACAAAT	5
E8.5-13_i34-CATTTCTATTCCGAGT	5
E8.5-13_i34-CGAGGCTAACTTCAAT	5
E8.5-13_i34-CGGCTGTACTCTTGAC	5
E8.5-13_i34-CTAGACTACTGTCTGG	5
E8.5-13_i34-GGCCCAATGTTACCGC	5
E8.5-13_i34-GTCAGGTTTTGGACTT	5
E8.5-13_i34-GTCCTTGCGCTCTAGT	5
E8.5-13_i34-TAGCGGATGACAGATA	5
E8.5-13_i34-TGCACCAGCTTCGCAC	5
E8.5-13_i34-TGCTGACGCAATACTT	5
E8.5-13_i34-AAATAGCAAGATGGCT	9
E8.5-13_i34-AAGAGTATTGCCATCG	9
E8.5-13_i34-ACCCGATTGAGCGGTA	9
E8.5-13_i34-ACCCTCAAGCTTTGGC	9
E8.5-13_i34-ACCTTCCCTTGTGACT	9
E8.5-13_i34-ACTGCTGGTCTCACTT	9
E8.5-13_i34-AGAATCAAACTTCAAT	9
E8.5-13_i34-AGAATCAACCGCTGTT	9
E8.5-13_i34-ATAAGCTAAAAGTCGG	9
E8.5-13_i34-ATATGCAACATACATT	9
E8.5-13_i34-ATCCTAGTAACCCTTG	9
E8.5-13_i34-ATTTCCATGAGTTTCG	9
E8.5-13_i34-CCATCGTCGTGGAGCT	9
E8.5-13_i34-GACACCTGCGGCACAT	9
E8.5-13_i34-GAGGAGTGACACTAAG	9
E8.5-13_i34-GATGCAGAAGGAAGAC	9
E8.5-13_i34-GGAGGTTTGTTCTGTT	9
E8.5-13_i34-GGTCCTAAGATTGCGA	9
E8.5-13_i34-GGTCTTTCCGTGGATA	9
E8.5-13_i34-GTAATCTGTCGGTACG	9
E8.5-13_i34-GTGCCCATCTCCGCAT	9
E8.5-13_i34-GTGTCAGGCTGTTCTT	9
E8.5-13_i34-TCAAATGGATCAAGTG	9
E8.5-13_i34-TCAGCCTCTAGTCTAG	9
E8.5-13_i34-TCTAAACTAGAGACTA	9
E8.5-14_i24-AATATGACTAGCTTAT	5
E8.5-14_i24-GCCAACATGGCATGCT	5
E8.5-14_i24-AGTCCGTGCAAGAGGG	5
E8.5-14_i24-CACAAGTACCTGACAC	5
E8.5-14_i24-ACAATCTTGTGTCGGA	9
E8.5-15_i35-CAGTTTAATCCAGGGA	5
E8.5-15_i35-GGCGACAACGTATCGG	5
E8.5-15_i35-GTATACGTTCCTTATT	5
E8.5-15_i35-AAGGATGAGCCAAGAT	5
E8.5-15_i35-ACGGAGCAAGGAAGAC	9
E8.5-15_i35-AGAAAGTGTTTAACAG	9
E8.5-15_i35-ATCGCGCTGGCCCTTA	9
E8.5-15_i35-CCACGTTGAAACTCGA	9
E8.5-15_i35-GATGCAGACCCGAATG	9
E8.5-15_i35-GTCTTCCTAATCGGGT	9
E8.5-15_i35-GTGATAAAGTCATATT	9
E8.5-17_i26-TCGTGGGTATTCCTTG	5
E8.5-17_i26-ACGGTTGGTAGCCTCG	5
E8.5-17_i26-CGGTGAGTAGAGACTA	9
E8.5-17_i26-CGGTGAGTGCTCTAGT	9
E8.5-17_i26-GCTACCGTGAATACGC	9
E8.5-17_i26-GGAGGAAGTTGTCGCC	9
E8.5-17_i26-GGCACTTCCCATTACT	9
E8.5-19_i36-AAACACGGTGACCAGT	9
E8.5-19_i36-AACAGCGGCCACATTA	9
E8.5-19_i36-AAGAACAGTGACGGAC	9
E8.5-19_i36-AAGAAGGTTCCCGTAG	9
E8.5-19_i36-AAGTTGTCTGGGATTC	9
E8.5-19_i36-ACAAGTAGATACCCAG	9
E8.5-19_i36-ACCAAGGGAAGCTTCT	9
E8.5-19_i36-ACCCGATTCTGAGTGC	9
E8.5-19_i36-ACGACGACTTTGGGAG	9
E8.5-19_i36-AGTAATGGTAGTCTAG	9
E8.5-19_i36-AGTCCGTGCCCAAGCA	9
E8.5-19_i36-ATATGCAAATGGGCAC	9
E8.5-19_i36-CAGATGGGTGTGGCTA	9
E8.5-19_i36-CCTTTACAATGACTTT	9
E8.5-19_i36-CGGCTGTAGTACACTC	9
E8.5-19_i36-CGTTGCCTCCCGACTT	9
E8.5-19_i36-CTGCGATGACGCCATT	9
E8.5-19_i36-CTGTGACCCCCTTCAG	9
E8.5-19_i36-CTGTTGTGTGACCAGT	9
E8.5-19_i36-GGAACGAATCTGTGGT	9
E8.5-19_i36-GGAAGTCCCAATACTT	9
E8.5-19_i36-GGCAAGGTTTGGCGTT	9
E8.5-19_i36-GTCTAATCCGTACCTA	9
E8.5-19_i36-GTTCTGCTATATACCT	9
E8.5-19_i36-GTTCTGCTTCTGCATC	9
E8.5-19_i36-TAATCCATGTGTAACC	9
E8.5-19_i36-TGCGACTATTCGCTGG	9
E8.5-19_i36-TAGCGGATTACAGCCG	5
E8.5-19_i36-ACAGGCCATCATATGG	5
E8.5-19_i36-AAACGATCCGTATCGG	5
E8.5-19_i36-AAATAGCACTTACGGG	5
E8.5-19_i36-CAAGGGTTCGTACCTA	5
E8.5-19_i36-CTGTTTCCAGAACGGG	5
E8.5-19_i36-GAGCGGAATTCCAGAC	5
E8.5-19_i36-AAACACGGCGTATTTC	5
E8.5-19_i36-AAACTACAGAATACGC	5
E8.5-19_i36-AACGATTTCAGTCCCT	5
E8.5-19_i36-AAGAACAGCGACTCCT	5
E8.5-19_i36-AAGAAGGTCCATTACT	5
E8.5-19_i36-AAGTGAGACAAGTCAT	5
E8.5-19_i36-AATACATCCCCTTGGT	5
E8.5-19_i36-ACAAAGATTAACCCGT	5
E8.5-19_i36-ACATCTCGCCACATTA	5
E8.5-19_i36-ACATCTCGGGCGGTTT	5
E8.5-19_i36-ACCGTCGAATCAAGTG	5
E8.5-19_i36-ACGGGTTATGTGGCTA	5
E8.5-19_i36-ACGTAAACTTAAACTG	5
E8.5-19_i36-ACTACCCGCGGCACAT	5
E8.5-19_i36-ACTGCTGGTACCAGGC	5
E8.5-19_i36-AGAAAGTGGACAGATA	5
E8.5-19_i36-AGACGAGGTAGAAATG	5
E8.5-19_i36-AGGTAAGCATCCGCTA	5
E8.5-19_i36-AGTGCTTCAGTTTAGA	5
E8.5-19_i36-ATAACAGGTCCTTATT	5
E8.5-19_i36-ATCCCACCAAGATTGT	5
E8.5-19_i36-CAAACATTGTGGATGG	5
E8.5-19_i36-CAAGGTACTTGCATAT	5
E8.5-19_i36-CAGTTTAATCGGTTCG	5
E8.5-19_i36-CCACGTTGCGCTAGTC	5
E8.5-19_i36-CCATCCACCGTCAGCA	5
E8.5-19_i36-CCATGCATGTCCGTAC	5
E8.5-19_i36-CCCGTAAGATGCATGG	5
E8.5-19_i36-CGAGGCTAATTCCTTG	5
E8.5-19_i36-CGTGTGTTTCATATGG	5
E8.5-19_i36-CTAGCACGTTGATTCT	5
E8.5-19_i36-CTCCCAAAGATTAGAC	5
E8.5-19_i36-CTGCGATGTGTTTGAG	5
E8.5-19_i36-CTGGAACATCTCACTT	5
E8.5-19_i36-CTGTGACCACGCCATT	5
E8.5-19_i36-CTGTTGTGCCCTTCAG	5
E8.5-19_i36-CTTCTACGACACTAAG	5
E8.5-19_i36-CTTTCACTCCATTTGA	5
E8.5-19_i36-GAATCCCACGTATCGG	5
E8.5-19_i36-GAATGCGCATACTCTT	5
E8.5-19_i36-GATTTCCCAGGCAACG	5
E8.5-19_i36-GCATCACTCCCAAGCA	5
E8.5-19_i36-GGAGGTTTTGGTATGA	5
E8.5-19_i36-GGCTATAAAGCAGAAC	5
E8.5-19_i36-GGGTCTAGGGACTTCC	5
E8.5-19_i36-GGTGTCGATGGTTTCT	5
E8.5-19_i36-GTACGCTTCGAACGTA	5
E8.5-19_i36-GTCAGGTTTGCTATTT	5
E8.5-19_i36-GTCCGTCAACGCCATT	5
E8.5-19_i36-TACGCGAGAGACACCA	5
E8.5-19_i36-TAGGTACGGTCCATGT	5
E8.5-19_i36-TGGACGGATATTGCCT	5
E8.5-1_i7-AAAGTCATCTCGATGC	5
E8.5-1_i7-CTAGCACGAGAAGTCC	9
E8.5-1_i7-GAAATACGCCCATAGC	9
E8.5-1_i7-ACGACGACACCTTCTT	5
E8.5-20_i37-AAGAAGGTTGGCCTGT	9
E8.5-20_i37-ACGCTTAACAGGTGTC	9
E8.5-20_i37-AGTAGTTACCCATCTG	9
E8.5-20_i37-ATCCTAGTGTCCATGT	9
E8.5-20_i37-CACTTGATGTGTAACC	9
E8.5-20_i37-CATTCGGGGACAGATA	9
E8.5-20_i37-GCTACCGTCGCCTTGA	9
E8.5-20_i37-CATTCGGGGAAGGCTT	5
E8.5-20_i37-GCATCACTTGCCTCAC	5
E8.5-20_i37-GCGTATTCTCCTTATT	5
E8.5-21_i38-CGTCGAATCCATTACT	9
E8.5-21_i38-CTAGTAGGTAAATAGG	9
E8.5-21_i38-GTGAGGCACCATTACT	9
E8.5-21_i38-GAGTGTACGTATGAGT	5
E8.5-22_i39-TGCTGACGACGCCATT	9
E8.5-22_i39-TGCGACTAGACGATGG	5
E8.5-23_i40-CTTAGTGTGGGAAGGT	5
E8.5-23_i40-AGGGACTGAAGATTGT	9
E8.5-23_i40-ACGGCAGTACACTAAG	5
E8.5-23_i40-AAATAGCATGTGTCCT	5
E8.5-23_i40-ACTGCTGGGCACCTCT	5
E8.5-4_i8-AATATGACTTGGACTT	5
E8.5-4_i8-AAACTACATTATCTGT	9
E8.5-4_i8-CCATATGATCTAGCAG	9
E8.5-4_i8-GGCGACAAGTTGTCAT	9
E8.5-4_i8-TGCTGACGTCGACGGT	9
E8.5-5_i18-AGTGCTTCGTTTGTTT	5
E8.5-5_i18-GCGGTAACGTGTCGGA	5
E8.5-8_i21-AAGAGTATGTTACGAT	9
E8.5-8_i21-ACGAATTCCACGGACT	9
E8.5-8_i21-ACGGGTTACGTATCGG	9
E8.5-8_i21-AGGGACTGCAGTTTGC	9
E8.5-8_i21-ATCCCACCCCTACTAG	9
E8.5-8_i21-GCTTCTCCTTTAACAG	9
E8.5-8_i21-GGAACGAACGGCACAT	9
E8.5-8_i21-GTGAACTCAACCCTTG	5
E8.5-8_i21-CGGACTAAAAACGCCT	9
E8.5-8_i21-AGCGTGGTCCCGAATG	5
E8.5-8_i21-AGTTGCGGCTACCGTT	5
E8.5-8_i21-GTGCGAAGAAAGTCGG	5
E8.5-8_i21-AAACGTGACCCTTCAG	5
E8.5-8_i21-AAACGTGATTGCACGC	5
E8.5-8_i21-AACAAATGAACAATCC	5
E8.5-8_i21-AAGGCGCTTGTAAAGG	5
E8.5-8_i21-AATCGAAGCAGTCCCT	5
E8.5-8_i21-ACAGATAACGACTCCT	5
E8.5-8_i21-ACCAACCCGTTCTGTT	5
E8.5-8_i21-ACCTGAAGACCCATAT	5
E8.5-8_i21-ACGAATTCAGATGGCT	5
E8.5-8_i21-ACGGAGCAGTTGTCAT	5
E8.5-8_i21-ACGGGTTATAGCCTCG	5
E8.5-8_i21-AGAAACCATTCCGAGT	5
E8.5-8_i21-AGAGAGACGTCCAAAG	5
E8.5-8_i21-AGCACGTATTTATCAC	5
E8.5-8_i21-AGTAGTTAATACTCTT	5
E8.5-8_i21-AGTTGCGGCCCGACTT	5
E8.5-8_i21-ATCGCGCTTACAAACT	5
E8.5-8_i21-CACAACCTCCCAAGCA	5
E8.5-8_i21-CCTACGCTTGTAGTTT	5
E8.5-8_i21-CGGCTGTAAGGCAGTT	5
E8.5-8_i21-CTCTATAGGCTTTGGC	5
E8.5-8_i21-CTGAAGGGGTGTCGGA	5
E8.5-8_i21-GAAAGACACCGTGTTT	5
E8.5-8_i21-GAATGCGCTAGAAATG	5
E8.5-8_i21-GATACGCATCACCGAG	5
E8.5-8_i21-GCATCACTGGGAACCT	5
E8.5-8_i21-GCTCGTAGCATCGCAG	5
E8.5-8_i21-GGAAGTCCCCTACTAG	5
E8.5-8_i21-GGGTCATTCACTCCTC	5
E8.5-8_i21-GTGCCCATACGCTCAG	5
E8.5-8_i21-TAACTTCTTTCCAGAC	5
E8.5-8_i21-TAGCCACACTATAGAG	5
E8.5-8_i21-TCCCTGGAAATGACCC	5
E8.5-8_i21-TCGAGTTTGTACACTC	5
E8.5-8_i21-TCGTGGGTTGTTTGAG	5
E8.5-8_i21-TGAGAGCGCGCTAGTC	5
E8.5-8_i21-AAAGAAAGTCGACGGT	9
E8.5-8_i21-AAGCCTTCGGCCTAAG	9
E8.5-8_i21-ACAGATAAATACTCTT	9
E8.5-8_i21-ACGACGACTCGACACC	9
E8.5-8_i21-ACGGCAGTCAAGAGGG	9
E8.5-8_i21-ACGGTTGGTCGACGGT	9
E8.5-8_i21-ACTAGAGCTGAGGTCT	9
E8.5-8_i21-AGGCAATAATTTCCGG	9
E8.5-8_i21-AGGCAATATTGAGGGT	9
E8.5-8_i21-ATATGCAAAGGCAGTT	9
E8.5-8_i21-ATGCGGAGCACAAGGC	9
E8.5-8_i21-CAAGGTACAGCAGAAC	9
E8.5-8_i21-CACAAGTACTGTTCTT	9
E8.5-8_i21-CGTGGGATGACAGATA	9
E8.5-8_i21-CGTTTCGTTTTACCCT	9
E8.5-8_i21-CTAGACTACAGGTGTC	9
E8.5-8_i21-CTGCGATGAGCTACGG	9
E8.5-8_i21-CTTTATCCCAACAAAT	9
E8.5-8_i21-GACACCTGATGTTGGC	9
E8.5-8_i21-GCTAAGTTTTGAGGGT	9
E8.5-8_i21-GGCTATAAGAACGATT	9
E8.5-8_i21-TGGTTAACTTGGACTT	9
E8.5-9_i33-CAATTCTCGTATGAGT	5
E8.5-9_i33-AAGTATTGCTAGATTG	9
E8.5-9_i33-AACAGAACGTCGTCGT	5
E8.5-9_i33-AACTCAGTTACTTGTG	5
E8.5-9_i33-AAGAACAGAGAACGGG	5
E8.5-9_i33-ACACCAAGGTTACCGC	5
E8.5-9_i33-ACCCGATTGTTTGTTT	5
E8.5-9_i33-ACCCTCAACAAGAGGG	5
E8.5-9_i33-ACTAGAGCTTCGTTCC	5
E8.5-9_i33-AGAATCAAGAAGTGCC	5
E8.5-9_i33-AGAATCAATTCCAGAC	5
E8.5-9_i33-AGCTCCACTGGGATTC	5
E8.5-9_i33-AGGACACAGCATGGGT	5
E8.5-9_i33-ATCAATCGATACCCAG	5
E8.5-9_i33-ATCAGGGATAGTCTAG	5
E8.5-9_i33-ATCCCACCGAGAGTAT	5
E8.5-9_i33-ATGCGGAGAAACAGGG	5
E8.5-9_i33-ATGCGGAGGAGTTTCG	5
E8.5-9_i33-ATTCTGAGGCGCATTC	5
E8.5-9_i33-ATTGAAGTCTGCGTTG	5
E8.5-9_i33-CAACGCAGCGGGCTTT	5
E8.5-9_i33-CATGACGAGTCGTCGT	5
E8.5-9_i33-CCCTCTTGAACACACG	5
E8.5-9_i33-CCGGAAATTAACTACT	5
E8.5-9_i33-CCTTTACACTACTTGT	5
E8.5-9_i33-CTACGGGACTTAGGTA	5
E8.5-9_i33-CTGTTGTGGGTTAGTG	5
E8.5-9_i33-GAAAGACATGCTATTT	5
E8.5-9_i33-GAGGGTCAGTCAAAGA	5
E8.5-9_i33-GCGCTGATTCCGTCCA	5
E8.5-9_i33-GGACTTCTGCATGGGT	5
E8.5-9_i33-GGCTTTGCATACTCTT	5
E8.5-9_i33-GGGCATCATACAAACT	5
E8.5-9_i33-GGGTCTAGGTGTCGGA	5
E8.5-9_i33-GTCCGTCAGAAAGACC	5
E8.5-9_i33-TAATGTGGTCATGAGG	5
E8.5-9_i33-TACCGCTCGCTCTAGT	5
E8.5-9_i33-TACGCGAGGGGAAGGT	5
E8.5-9_i33-TACGTTCGCTAGTAAC	5
E8.5-9_i33-TATCTGTCCGGGCTTT	5
E8.5-9_i33-TCTATTCCCAGATTAC	5
E8.5-9_i33-TGCGACTAATGCATGG	5
E8.5-9_i33-AAAGAGGCCCCGAATG	9
E8.5-9_i33-AACGGTAGATTCCTTG	9
E8.5-9_i33-AAGGGACCCTACCGTT	9
E8.5-9_i33-AAGTGAGAAACCCTTG	9
E8.5-9_i33-AATAAGGAACCTTCTT	9
E8.5-9_i33-AATACATCGCTTTGGC	9
E8.5-9_i33-ACACCAAGTTTACCCT	9
E8.5-9_i33-ACATGGACCTTTCTTT	9
E8.5-9_i33-AGGAGTCGCGAGATGT	9
E8.5-9_i33-AGGTATATTTAAGCGT	9
E8.5-9_i33-ATATGGGTAGCGCCTT	9
E8.5-9_i33-ATCAGGGATCATGAGG	9
E8.5-9_i33-ATTATTCGATGACTTT	9
E8.5-9_i33-CAAACATTTGTACACG	9
E8.5-9_i33-CCGTCTTACTCCGCAT	9
E8.5-9_i33-CGATCCAAAGCGCCTT	9
E8.5-9_i33-CGTACCGAGTCCAAAG	9
E8.5-9_i33-CTAACGCCGCGTTGCT	9
E8.5-9_i33-CTAACGCCGGCATGCT	9
E8.5-9_i33-CTAGTAGGTAGAAATG	9
E8.5-9_i33-CTGCTAGATTTAACAG	9
E8.5-9_i33-CTTTGGACTTGATTCT	9
E8.5-9_i33-GACTAGCGTTTACCCT	9
E8.5-9_i33-GATGGTTAAGCGCGAT	9
E8.5-9_i33-TAACTTCTTACAGCCG	9
E8.5-9_i33-TATCCACGCAATTAGT	9
E8.5-9_i33-TATCCACGCCCATCTG	9
E8.5-9_i33-TCTGATTTCTTGGTGT	9
E8.5-9_i33-TCTGATTTGAACGATT	9
E8.5-9_i33-TGAATCCTTTATCTGT	9
E8.5-9_i33-TGACGTCGGGGAACGA	9
